-- Sample data converted from original production dump
-- Compatible with database.sql schema for inventory_system_2
-- Generated on 2026-03-20

USE inventory_system_2;

SET FOREIGN_KEY_CHECKS = 0;

DELETE FROM inventory_log;
DELETE FROM container_items;
DELETE FROM exhibition_products;
DELETE FROM containers;
DELETE FROM exhibitions;
DELETE FROM products;
DELETE FROM users;

ALTER TABLE inventory_log AUTO_INCREMENT = 1;
ALTER TABLE container_items AUTO_INCREMENT = 1;
ALTER TABLE exhibition_products AUTO_INCREMENT = 1;
ALTER TABLE containers AUTO_INCREMENT = 1;
ALTER TABLE exhibitions AUTO_INCREMENT = 1;
ALTER TABLE products AUTO_INCREMENT = 1;
ALTER TABLE users AUTO_INCREMENT = 1;

DROP TABLE IF EXISTS tmp_users;
DROP TABLE IF EXISTS tmp_exhibitions;
DROP TABLE IF EXISTS tmp_products;
DROP TABLE IF EXISTS tmp_inventory_log;

SET FOREIGN_KEY_CHECKS = 1;

CREATE TABLE tmp_users (
  id INT NOT NULL,
  name VARCHAR(100) DEFAULT NULL,
  email VARCHAR(120) DEFAULT NULL,
  password VARCHAR(255) DEFAULT NULL,
  role VARCHAR(10) DEFAULT 'user',
  created_at TIMESTAMP NULL DEFAULT NULL
) ENGINE=InnoDB DEFAULT CHARSET=utf8mb4;

CREATE TABLE tmp_exhibitions (
  id INT NOT NULL,
  name VARCHAR(255) DEFAULT NULL,
  location VARCHAR(255) DEFAULT NULL,
  start_date DATE DEFAULT NULL,
  end_date DATE DEFAULT NULL,
  created_at TIMESTAMP NULL DEFAULT NULL
) ENGINE=InnoDB DEFAULT CHARSET=utf8mb4;

CREATE TABLE tmp_products (
  id INT NOT NULL,
  name VARCHAR(120) DEFAULT NULL,
  category VARCHAR(100) DEFAULT NULL,
  price DECIMAL(10,2) DEFAULT NULL,
  quantity INT DEFAULT NULL,
  barcode VARCHAR(120) DEFAULT NULL,
  created_at TIMESTAMP NULL DEFAULT NULL,
  description TEXT DEFAULT NULL,
  cost_price DECIMAL(10,2) DEFAULT NULL,
  selling_price DECIMAL(10,2) DEFAULT NULL,
  image VARCHAR(255) DEFAULT NULL,
  container_id INT DEFAULT NULL
) ENGINE=InnoDB DEFAULT CHARSET=utf8mb4;

CREATE TABLE tmp_inventory_log (
  id INT NOT NULL,
  product_id INT DEFAULT NULL,
  barcode VARCHAR(50) DEFAULT NULL,
  product_name VARCHAR(255) DEFAULT NULL,
  quantity_sold INT DEFAULT NULL,
  sold_at TIMESTAMP NULL DEFAULT NULL,
  note VARCHAR(255) DEFAULT NULL,
  action_type VARCHAR(50) DEFAULT NULL,
  quantity_change INT DEFAULT NULL,
  sale_price DECIMAL(10,2) DEFAULT NULL,
  exhibition_id INT DEFAULT NULL
) ENGINE=InnoDB DEFAULT CHARSET=utf8mb4;

INSERT INTO `tmp_users` (`id`, `name`, `email`, `password`, `role`, `created_at`) VALUES
(1, 'Aditya Mathur', 'adityama840@gmail.com', '$2y$10$67YNZaAE9m/7pc4g3Au1T.WImntJj623BJKfxznbcDhz.0v9afjFu', 'admin', '2026-03-05 11:07:41');

INSERT INTO `tmp_exhibitions` (`id`, `name`, `location`, `start_date`, `end_date`, `created_at`) VALUES
(7, 'RIC', 'jaipur', '2026-03-15', '2026-03-16', '2026-03-14 18:49:21'),
(8, 'Silver crown', 'jaipur', '2026-03-15', '2026-03-15', '2026-03-14 18:49:37');

INSERT INTO `tmp_products` (`id`, `name`, `category`, `price`, `quantity`, `barcode`, `created_at`, `description`, `cost_price`, `selling_price`, `image`, `container_id`) VALUES
(17, 'Black Beads Jhumka Earring 17', 'Oxidised Jewelry ', NULL, 2, 'INV69abffd960f1b', '2026-03-07 10:37:14', 'Elevate your accessory game with these stunning earrings, designed to add a touch of elegance to any outfit. Crafted from high-quality materials, they feature a unique design that catches the light beautifully, ensuring you stand out on any occasion. Lightweight and comfortable, these earrings are perfect for all-day wear, making them an essential addition to your jewelry collection. Whether for a special event or everyday wear, these earrings are the perfect finishing touch to enhance your style.', '28.00', '100.00', '1772879834.jpg', 7),
(18, 'Bird Oxidised Jhumka 12', 'Oxidised Jewelry ', NULL, 2, 'INV69ac001069e3f', '2026-03-07 10:38:09', 'Elevate your accessory game with these stunning earrings, designed to add a touch of elegance to any outfit. Crafted from high-quality materials, they feature a unique design that catches the light beautifully, ensuring you stand out on any occasion. Lightweight and comfortable, these earrings are perfect for all-day wear, making them an essential addition to your jewelry collection. Whether for a special event or everyday wear, these earrings are the perfect finishing touch to enhance your style.', '70.00', '300.00', '1772879889.jpg', 7),
(20, 'Small Jhumka Earrings 22', 'Oxidised Jewelry ', NULL, 4, 'INV69ac00969d398', '2026-03-07 10:40:23', 'Elevate your accessory game with these stunning earrings, designed to add a touch of elegance to any outfit. Crafted from high-quality materials, they feature a unique design that catches the light beautifully, ensuring you stand out on any occasion. Lightweight and comfortable, these earrings are perfect for all-day wear, making them an essential addition to your jewelry collection. Whether for a special event or everyday wear, these earrings are the perfect finishing touch to enhance your style.', '8.00', '50.00', '1772880023.jpg', 7),
(21, 'Adjustable Handcuff-1', 'Oxidised Jewelry ', NULL, 4, 'INV69ac81a5c794c', '2026-03-07 19:51:02', 'Elevate your accessory game with these stunning earrings, designed to add a touch of elegance to any outfit. Crafted from high-quality materials, they feature a unique design that catches the light beautifully, ensuring you stand out on any occasion. Lightweight and comfortable, these earrings are perfect for all-day wear, making them an essential addition to your jewelry collection. Whether for a special event or everyday wear, these earrings are the perfect finishing touch to enhance your style.', '100.00', '250.00', '1772913062.jpg', 7),
(22, 'Gold Plated Flower Stud Earrings 35', 'Anti Tarnish Earrings ', NULL, 5, 'INV69b06695ed5ae', '2026-03-10 18:44:38', '', '40.00', '250.00', '1773168278.jpg', 6),
(23, 'Gold Plated Round Earrings 29', 'Anti Tarnish Earrings ', NULL, 12, 'INV69b0676b4609a', '2026-03-10 18:48:11', '', '40.00', '250.00', '1773168491.jpg', 6),
(24, 'Gold Plated Star Stud Earrings 34', 'Anti Tarnish Earrings ', NULL, 4, 'INV69b06808d9b50', '2026-03-10 18:50:49', '', '40.00', '250.00', '1773168649.jpg', 6),
(25, 'Elephant Motif Earrings 19', 'Oxidised Jewelry ', NULL, 12, 'INV69b0693a3d830', '2026-03-10 18:55:54', '', '6.00', '50.00', '1773168954.jpg', 7),
(26, 'Elephant Motif Bangle Pair 44', '', NULL, 5, 'INV69b06968cdeb0', '2026-03-10 18:56:41', '1 piece extra\r\nSize- 2.6', '40.00', '200.00', '1773169001.jpg', 0),
(27, 'Blue Beads Jhumka Earrings 16', 'Oxidised Jewelry ', NULL, 3, 'INV69b06ad5d364d', '2026-03-10 19:02:46', '', '28.00', '100.00', '1773169366.jpg', 7),
(28, 'Green Beads Jhumka Earrings 15', 'Oxidised Jewelry ', NULL, 4, 'INV69b06bf1142c7', '2026-03-10 19:07:29', '', '28.00', '100.00', '1773169649.jpg', 7),
(29, 'Pink Beads Jhumka Earrings 21', 'Oxidised Jewelry ', NULL, 3, 'INV69b06c198b75e', '2026-03-10 19:08:10', '', '28.00', '100.00', '1773169689.jpg', 7),
(30, 'Long Oxidised Earrings 09', 'Oxidised Jewelry ', NULL, 0, 'INV69b06c71438a2', '2026-03-10 19:09:38', '', '74.00', '300.00', '1773169777.jpg', 7),
(31, 'Oxidised Earcuffs 14', 'Oxidised Jewelry ', NULL, 0, 'INV69b06cc21642b', '2026-03-10 19:10:58', '', '30.00', '150.00', '1773169858.jpg', 7),
(33, 'Oxidised Pendant-1 58', 'Oxidised Jewelry ', NULL, 1, 'INV69b1d90f6217b', '2026-03-11 21:05:20', '', '60.00', '250.00', '1773263119.jpg', 7),
(34, 'Oxidised Pendant-2 57', 'Oxidised Jewelry ', NULL, 0, 'INV69b1dafcdd4b8', '2026-03-11 21:13:34', '', '56.00', '250.00', '1773263613.jpg', 7),
(35, 'Oxidised Pendant-3 56', 'Oxidised Jewelry ', NULL, 1, 'INV69b1db4a4c9a0', '2026-03-11 21:14:51', '', '48.00', '250.00', '1773263690.jpg', 7),
(36, 'Oxidised Pendant-4 55', 'Oxidised Jewelry ', NULL, 1, 'INV69b1db81c6f5a', '2026-03-11 21:15:46', '', '45.00', '250.00', '1773263746.jpg', 7),
(37, 'Oxidised Pendant-5 54', 'Oxidised Jewelry ', NULL, 1, 'INV69b1dbbc69152', '2026-03-11 21:16:45', '', '62.00', '250.00', '1773263804.jpg', 7),
(38, 'Oxidised Pendant-6 53', 'Oxidised Jewelry ', NULL, 1, 'INV69b1dbf505e7b', '2026-03-11 21:17:42', '', '60.00', '250.00', '1773263861.jpg', 7),
(39, 'Oxidised Pendant-7 52', 'Oxidised Jewelry ', NULL, 1, 'INV69b1dc32df9e7', '2026-03-11 21:18:43', '', '56.00', '250.00', '1773263923.jpg', 7),
(40, 'Oxidised Pendant-8 51', 'Oxidised Jewelry ', NULL, 1, 'INV69b1dc5a663be', '2026-03-11 21:19:23', '', '45.00', '250.00', '1773263962.jpg', 7),
(41, 'Oxidised Pendant-9 50', 'Oxidised Jewelry ', NULL, 1, 'INV69b1dc877bd13', '2026-03-11 21:20:08', '', '54.00', '250.00', '1773264007.jpg', 7),
(42, 'Oxidised Pendant-10 49', 'Oxidised Jewelry ', NULL, 1, 'INV69b1dcac9f66c', '2026-03-11 21:20:45', '', '62.00', '250.00', '1773264044.jpg', 7),
(43, 'Oxidised Pendant-11 48', 'Oxidised Jewelry ', NULL, 1, 'INV69b1dccc633ff', '2026-03-11 21:21:17', '', '45.00', '250.00', '1773264076.jpg', 7),
(44, 'Oxidised Stud Earrings 18', 'Oxidised Jewelry ', NULL, 4, 'INV69b309a2564a2', '2026-03-12 18:44:50', '', '23.00', '100.00', '1773341090.jpg', 7),
(45, 'Handcuff-1', 'Oxidised Jewelry ', NULL, 4, 'INV69b3145deb953', '2026-03-12 19:30:38', '', '128.00', '250.00', '1773343838.jpg', 7),
(46, 'Gold Plated Double Butterfly Earrings 30', 'Anti Tarnish Earrings ', NULL, 12, 'INV69b317ea0429a', '2026-03-12 19:45:46', '', '40.00', '250.00', '1773344746.jpg', 6),
(47, 'Gold Plated Jalebi Earrings 36', 'Anti Tarnish Earrings ', NULL, 2, 'INV69b31855c3594', '2026-03-12 19:47:34', '', '40.00', '250.00', '1773344853.jpg', 6),
(48, 'Oxidised Flower Earrings - 28', 'Oxidised Jewelry ', NULL, 4, 'INV69b31d3b2b472', '2026-03-12 20:08:28', '', '23.00', '100.00', '1773346107.jpg', 7),
(49, 'White Beads Oxidised Jhumka Earrings 23', 'Oxidised Jewelry ', NULL, 4, 'INV69b31d85f058d', '2026-03-12 20:09:42', '', '23.00', '100.00', '1773346182.jpg', 7),
(50, 'Oxidised Round Earrings 25', 'Oxidised Jewelry ', NULL, 5, 'INV69b31e7a1f1d5', '2026-03-12 20:13:47', '', '23.00', '100.00', '1773346426.jpg', 7),
(51, 'Oxidised Oval Earrings 13', 'Oxidised Jewelry ', NULL, 5, 'INV69b31fc7c7fb1', '2026-03-12 20:19:20', '', '23.00', '100.00', '1773346760.jpg', 7),
(52, 'Cowrie Shell & Beaded Bracelet- 65', 'Biju', NULL, 5, 'INV69b3222e0fb1c', '2026-03-12 20:29:34', '', '12.00', '100.00', '1773347374.jpg', 0),
(54, 'Beads Anklet Pair 63', 'Biju', NULL, 5, 'INV69b323931129d', '2026-03-12 20:35:31', '', '14.00', '100.00', '1773347731.jpg', 0),
(57, 'Leaves & Beads Anklet Pair-67', 'Biju', NULL, 1, 'INV69b3269a9c6ce', '2026-03-12 20:48:27', '', '36.00', '100.00', '1773348506.jpg', 0),
(58, 'Camel Motif Oxidised Bangle Pair 45', 'Oxidised Jewelry ', NULL, 1, 'INV69b3283276c15', '2026-03-12 20:55:15', 'Size - 2.6', '40.00', '200.00', '1773348914.jpg', 7),
(59, '5 Layered Oxidised Single Bangle 46', '', NULL, 2, 'INV69b329dbab408', '2026-03-12 21:02:20', '', '95.00', '250.00', '1773349339.jpg', 0),
(60, 'Colorful Beaded Butterfly Bracelet-66', 'Biju', NULL, 1, 'INV69b32ac2d9994', '2026-03-12 21:06:11', '', '23.00', '100.00', '1773349571.jpg', 0),
(61, 'Oxidised Bahubali Jhumka 64', 'Oxidised Jewelry ', NULL, 3, 'INV69b32e7609667', '2026-03-12 21:21:58', '', '40.00', '150.00', '1773350518.jpg', 7),
(62, 'Gold Plated Flower Earrings 40', 'Anti Tarnish Earrings ', NULL, 1, 'INV69b45b2f6a452', '2026-03-13 18:45:03', '', '40.00', '250.00', '1773427503.jpg', 6),
(63, 'Turtle Shell Gold Plated Earrings 42', 'Anti Tarnish Earrings ', NULL, 1, 'INV69b45bb05f2e1', '2026-03-13 18:47:12', '', '40.00', '250.00', '1773427632.jpg', 6),
(64, 'Gold Plated Sea Shell Earrings 39', 'Anti Tarnish Earrings ', NULL, 1, 'INV69b45d864cf07', '2026-03-13 18:55:02', '', '40.00', '250.00', '1773428102.jpg', 6),
(65, 'Melting Heart Gold Plated Earrings 33', 'Anti Tarnish Earrings ', NULL, 1, 'INV69b45e3422273', '2026-03-13 18:57:56', '', '40.00', '250.00', '1773428276.jpg', 6),
(67, 'Chic Lips Gold Plated Stud Earrings 38', 'Anti Tarnish Earrings ', NULL, 1, 'INV69b45f6d62797', '2026-03-13 19:03:09', '', '40.00', '250.00', '1773428589.jpg', 6),
(68, 'Heart Gold Plated Earrings 37', 'Anti Tarnish Earrings ', NULL, 1, 'INV69b45fcaec0fe', '2026-03-13 19:04:43', '', '40.00', '250.00', '1773428683.jpg', 6),
(69, 'Swirl Design Gold Plated Earrings 41', 'Anti Tarnish Earrings ', NULL, 1, 'INV69b460622d8e6', '2026-03-13 19:07:14', '', '40.00', '250.00', '1773428834.jpg', 6),
(70, 'Gold Plated Star Earrings 32', 'Anti Tarnish Earrings ', NULL, 1, 'INV69b4612de3966', '2026-03-13 19:10:38', '', '40.00', '250.00', '1773429037.jpg', 6),
(71, 'Gold Plated Star Fish Earrings 31', 'Anti Tarnish Earrings ', NULL, 1, 'INV69b4633a52cc5', '2026-03-13 19:19:22', '', '40.00', '250.00', '1773429562.jpg', 6),
(72, 'Bride Groom Oxidised Earrings 24', 'Oxidised Jewelry ', NULL, 1, 'INV69b464b91fb68', '2026-03-13 19:25:45', '', '23.00', '100.00', '1773429945.jpg', 7),
(73, 'Desi Dance Doll Oxidised Earrings 26', 'Oxidised Jewelry ', NULL, 0, 'INV69b467ab5e460', '2026-03-13 19:38:19', '', '23.00', '100.00', '1773430699.jpg', 7),
(74, 'Garba Girls Style Oxidised Earrings 20', 'Oxidised Jewelry ', NULL, 0, 'INV69b468c0ea577', '2026-03-13 19:42:57', '', '23.00', '100.00', '1773430977.jpg', 7),
(75, 'Oxidised Buddha Model Bracelet 60', 'Biju', NULL, 1, 'INV69b46c9e0de4d', '2026-03-13 19:59:26', '', '21.00', '100.00', '1773431966.jpg', 0),
(76, 'Oxidised Round Bracelet 61', 'Biju', NULL, 1, 'INV69b46e14f0f74', '2026-03-13 20:05:41', '', '29.00', '100.00', '1773432341.jpg', 0),
(78, 'Multi Color Beads Bracelet 59', 'Biju', NULL, 2, 'INV69b46fd8ac4b7', '2026-03-13 20:13:13', '', '35.00', '100.00', '1773432792.jpg', 0),
(79, 'Bangle-1 43', 'Biju', NULL, 5, 'INV69b4710b3e41d', '2026-03-13 20:18:19', 'In this, one piece has a pink color in the round stone.\r\n1- full black \r\n1- pink & green ', '30.00', '100.00', '1773433099.jpg', 0),
(80, 'Multicolor Necklace Set 83', 'Flipkart', NULL, 1, 'INV69b47a51281b3', '2026-03-13 20:57:53', '', '185.00', '500.00', '1773435473.jpg', 0),
(81, 'Brass ring 01 ', 'Brass rings 01', NULL, 30, 'INV69b553d29ccfb', '2026-03-14 12:25:55', '', '45.00', '100.00', '1773491155.jpg', 9),
(82, 'Brass earrings 01', 'Brass earring', NULL, 4, 'INV69b554ca8cda9', '2026-03-14 12:30:03', '', '180.00', '350.00', '1773491403.jpg', 5),
(83, 'Brass earrings 02 82', 'Brass earring', NULL, 11, 'INV69b55595eb418', '2026-03-14 12:33:26', '', '140.00', '350.00', '1773491606.jpg', 5),
(84, 'Garnate earrings 81', 'Garnet earrings ', NULL, 5, 'INV69b5563f2974c', '2026-03-14 12:36:15', '', '40.00', '100.00', '1773491775.jpg', 0),
(85, 'Oxidised Bahubali Jhumka Big Size 62', 'Oxidised Jewelry ', NULL, 1, 'INV69b5568e47257', '2026-03-14 12:37:35', '', '116.00', '400.00', '1773491854.jpg', 7),
(88, 'Brass pendant 80', 'Brass pendant ', NULL, 4, 'INV69b556dadcc63', '2026-03-14 12:38:51', '', '50.00', '150.00', '1773491931.jpg', 0),
(89, 'Necklace 18 inch 79', 'Necklace ', NULL, 5, 'INV69b5588d0e487', '2026-03-14 12:46:05', '', '60.00', '150.00', '1773492365.jpg', 0),
(90, 'Bruzy earrings 78', 'Bruzy ', NULL, 6, 'INV69b559043ce30', '2026-03-14 12:48:05', '', '180.00', '300.00', '1773492484.jpg', 0),
(91, 'Gs earrings 77', 'Outside gs', NULL, 1, 'INV69b55948627e0', '2026-03-14 12:49:13', '', '180.00', '350.00', '1773492552.jpg', 0),
(92, 'Bruzy bangles 76', 'Bruzy ', NULL, 4, 'INV69b559c142bda', '2026-03-14 12:51:14', '', '120.00', '250.00', '1773492673.jpg', 0),
(93, 'Amber necklace 75', 'Amber', NULL, 1, 'INV69b55a2185f44', '2026-03-14 12:52:50', '', '380.00', '550.00', '1773492770.jpg', 0),
(94, 'Drop necklace 74', 'Necklace ', NULL, 1, 'INV69b55a9f2f84f', '2026-03-14 12:54:55', '', '300.00', '620.00', '1773492895.jpg', 0),
(95, 'Black onyx beads necklace 73', 'Necklace ', NULL, 25, 'INV69b55adbc4ea2', '2026-03-14 12:55:56', '', '70.00', '150.00', '1773492956.jpg', 0),
(96, 'Oxidised Bangle Pair - 69', 'Oxidised Jewelry ', NULL, 1, 'INV69b55aeeb6340', '2026-03-14 12:56:15', '', '104.00', '250.00', '1773492975.jpg', 7),
(97, 'Evil Eye Bracelet 68', 'Biju', NULL, 2, 'INV69b55bd012c8e', '2026-03-14 13:00:00', '', '30.00', '100.00', '1773493200.jpg', 0),
(98, 'Chandbali Oxidised Earrings 72', 'Oxidised Jewelry ', NULL, 4, 'INV69b55cd1400bb', '2026-03-14 13:04:18', '', '30.00', '100.00', '1773493457.jpg', 7),
(100, 'Round shape AD earrings (pearl) 02', 'Ad earrings ', NULL, 6, 'INV69b55cebdbfe6', '2026-03-14 13:04:45', '', '47.00', '150.00', '1773493484.jpg', 10),
(101, 'Par shape AD earrings 03', 'Ad earrings ', NULL, 2, 'INV69b55d33b5984', '2026-03-14 13:05:56', '', '114.00', '250.00', '1773493556.jpg', 10),
(102, 'Pear Shape Oxidised Earrings 71', 'Oxidised Jewelry ', NULL, 4, 'INV69b55d3b42a94', '2026-03-14 13:06:04', '', '30.00', '100.00', '1773493563.jpg', 7),
(103, 'Pear Drop Oxidised Earrings 70', 'Oxidised Jewelry ', NULL, 2, 'INV69b55dc4209aa', '2026-03-14 13:08:21', '', '30.00', '100.00', '1773493700.jpg', 7),
(104, 'oxidised jhumka 11', 'Oxidised Jewelry ', NULL, 7, 'INV69b55eaf7e728', '2026-03-14 13:12:16', '', '37.00', '100.00', '1773493936.jpg', 7),
(105, 'Morpankh Oxidised Earrings 01', 'Oxidised Jewelry ', NULL, 2, 'INV69b55f59e8a3b', '2026-03-14 13:15:07', '', '35.00', '150.00', '1773494106.jpg', 7),
(106, 'Double round AD earrings 05', 'Ad earrings ', NULL, 2, 'INV69b55fc17a3eb', '2026-03-14 13:16:50', '', '62.00', '200.00', '1773494210.jpg', 10),
(107, 'Flower pearl AD earrings 08', 'Ad earrings ', NULL, 3, 'INV69b56001e4efb', '2026-03-14 13:17:55', '', '42.00', '150.00', '1773494274.jpg', 10),
(108, 'Long Elephant Oxidised Earrings 07', 'Oxidised Jewelry ', NULL, 4, 'INV69b5602c7cc16', '2026-03-14 13:18:37', '', '23.00', '100.00', '1773494317.jpg', 7),
(109, 'Box shaped AD earrings 04', 'Ad earrings ', NULL, 3, 'INV69b56057aa74e', '2026-03-14 13:19:20', '', '37.00', '150.00', '1773494360.jpg', 10),
(110, 'Triangle pearl AD earrings 10', 'Ad earrings ', NULL, 3, 'INV69b5609169668', '2026-03-14 13:20:18', '', '42.00', '150.00', '1773494417.jpg', 10),
(111, 'Round pear oxidised earrings 06', 'Oxidised Jewelry ', NULL, 2, 'INV69b5613268377', '2026-03-14 13:22:59', '', '23.00', '80.00', '1773494578.jpg', 7),
(112, 'Flower jhumka oxidised earring 27', 'Oxidised Jewelry ', NULL, 2, 'INV69b5619b53187', '2026-03-14 13:24:44', '', '23.00', '100.00', '1773494683.jpg', 7),
(113, 'Oxidised Pendant - 12 47', 'Oxidised Jewelry ', NULL, 1, 'INV69b562029a8f8', '2026-03-14 13:26:27', '', '88.00', '250.00', '1773494787.jpg', 7),
(114, 'Brass Earrings Saksham ', 'SAKSHAM EARRING', NULL, 200, 'INV69b5a61330d25', '2026-03-14 18:16:51', '', '125.00', '400.00', NULL, 8),
(115, 'Figure Necklace Saksham ', 'SAKSHAM EARRING', NULL, 6, 'INV69b5a71594ef0', '2026-03-14 18:21:09', '', '1505.00', '3000.00', NULL, 8),
(116, 'Jalebi Chain Necklace Saksham ', 'SAKSHAM EARRING', NULL, 12, 'INV69b5a7457734b', '2026-03-14 18:21:57', '', '1205.00', '2500.00', NULL, 8),
(117, 'Fish Bracelet 84', 'Oxidised Jewelry ', NULL, 1, 'INV69b5aa7456864', '2026-03-14 18:35:32', '', '33.00', '100.00', '1773513332.jpg', 7),
(118, 'Sachin Earrings ', 'Sachin Earrings ', NULL, 46, 'INV69b63f70a0003', '2026-03-15 05:11:13', 'Dot wale & Stickers wale hai', '125.00', '400.00', NULL, 14),
(119, 'Bugadi Earrings Saksham ', 'SAKSHAM EARRING', NULL, 2, 'INV69b640248c24b', '2026-03-15 05:14:13', 'Box mein hai', '300.00', '600.00', NULL, 8),
(120, 'Latkan Earrings Saksham ', 'SAKSHAM EARRING', NULL, 4, 'INV69b6406b4f1e4', '2026-03-15 05:15:23', 'Box mein hai', '450.00', '800.00', NULL, 8),
(121, 'GS earring', 'GS Earring', NULL, 92, 'INV69b666cc7b2f2', '2026-03-15 07:59:08', '', '100.00', '300.00', NULL, 4),
(122, 'Steel Kada', 'Flipkart', NULL, 32, 'INV69ba4ec28d361', '2026-03-18 07:05:38', '', '20.00', '80.00', '1773817538.jpg', 0);

INSERT INTO `tmp_inventory_log` (`id`, `product_id`, `barcode`, `product_name`, `quantity_sold`, `sold_at`, `note`, `action_type`, `quantity_change`, `sale_price`, `exhibition_id`) VALUES
(23, 17, 'INV69abffd960f1b', 'Earring type 2', NULL, '2026-03-07 10:37:14', 'Initial stock added', 'PRODUCT_CREATED', 5, NULL, NULL),
(24, 18, 'INV69ac001069e3f', 'Saksham earring ', NULL, '2026-03-07 10:38:09', 'Initial stock added', 'PRODUCT_CREATED', 1, NULL, NULL),
(26, 20, 'INV69ac00969d398', 'Deepansh Earrings', NULL, '2026-03-07 10:40:23', 'Initial stock added', 'PRODUCT_CREATED', 5, NULL, NULL),
(28, 17, 'INV69abffd960f1b', 'Earring type 2', NULL, '2026-03-07 10:45:34', 'Manual stock edit', 'STOCK_UPDATE', 6, NULL, NULL),
(32, 17, 'INV69abffd960f1b', 'Earring type 2', NULL, '2026-03-07 11:00:17', 'Manual stock edit', 'STOCK_UPDATE', 1, NULL, NULL),
(35, 21, 'INV69ac81a5c794c', 'Bangles', NULL, '2026-03-07 19:51:02', 'Initial stock added', 'PRODUCT_CREATED', 10, NULL, NULL),
(36, 21, 'INV69ac81a5c794c', 'Bangles', NULL, '2026-03-07 19:52:30', 'Price updated: Cost ₹100.00 → ₹150 | Selling ₹200.00 → ₹250', 'PRICE_UPDATE', 0, NULL, NULL),
(43, 21, 'INV69ac81a5c794c', 'Bangles', NULL, '2026-03-09 06:32:08', 'Manual stock edit', 'STOCK_UPDATE', 10, NULL, NULL),
(53, 21, 'INV69ac81a5c794c', 'Bangles', NULL, '2026-03-09 11:29:13', 'Manual stock edit', 'STOCK_UPDATE', 10, NULL, NULL),
(55, 21, 'INV69ac81a5c794c', 'Bracelet', NULL, '2026-03-10 18:37:09', 'Manual stock edit', 'STOCK_UPDATE', -3, NULL, NULL),
(56, 20, 'INV69ac00969d398', 'Small Jhumka Earrings', NULL, '2026-03-10 18:38:47', 'Price updated: Cost ₹100.00 → ₹9 | Selling ₹350.00 → ₹50', 'PRICE_UPDATE', 0, NULL, NULL),
(57, 22, 'INV69b06695ed5ae', 'Golden Flower Stud Earrings ', NULL, '2026-03-10 18:44:38', 'Initial stock added', 'PRODUCT_CREATED', 1, NULL, NULL),
(58, 23, 'INV69b0676b4609a', 'Golden Round Earrings', NULL, '2026-03-10 18:48:11', 'Initial stock added', 'PRODUCT_CREATED', 1, NULL, NULL),
(59, 24, 'INV69b06808d9b50', 'Golden Star Stud Earrings ', NULL, '2026-03-10 18:50:49', 'Initial stock added', 'PRODUCT_CREATED', 1, NULL, NULL),
(60, 25, 'INV69b0693a3d830', 'Elephant Motif Earrings', NULL, '2026-03-10 18:55:54', 'Initial stock added', 'PRODUCT_CREATED', 1, NULL, NULL),
(61, 26, 'INV69b06968cdeb0', 'E', NULL, '2026-03-10 18:56:41', 'Initial stock added', 'PRODUCT_CREATED', 1, NULL, NULL),
(62, 26, 'INV69b06968cdeb0', 'Elephant Motif Bangle Pair', NULL, '2026-03-10 19:00:58', 'Manual stock edit', 'STOCK_UPDATE', 4, NULL, NULL),
(63, 26, 'INV69b06968cdeb0', 'Elephant Motif Bangle Pair', NULL, '2026-03-10 19:00:58', 'Price updated: Cost ₹0.00 → ₹40 | Selling ₹0.00 → ₹200', 'PRICE_UPDATE', 0, NULL, NULL),
(64, 27, 'INV69b06ad5d364d', 'Blue Beads Jhumka Earrings', NULL, '2026-03-10 19:02:46', 'Initial stock added', 'PRODUCT_CREATED', 1, NULL, NULL),
(65, 17, 'INV69abffd960f1b', 'Black Beads Jhumka Earring ', NULL, '2026-03-10 19:03:44', 'Manual stock edit', 'STOCK_UPDATE', 1, NULL, NULL),
(66, 17, 'INV69abffd960f1b', 'Black Beads Jhumka Earring ', NULL, '2026-03-10 19:03:44', 'Price updated: Cost ₹75.00 → ₹75.00 | Selling ₹250.00 → ₹100', 'PRICE_UPDATE', 0, NULL, NULL),
(67, 28, 'INV69b06bf1142c7', 'Green Beads Jhumka Earrings', NULL, '2026-03-10 19:07:29', 'Initial stock added', 'PRODUCT_CREATED', 1, NULL, NULL),
(68, 29, 'INV69b06c198b75e', 'Pink Beads Jhumka Earrings', NULL, '2026-03-10 19:08:10', 'Initial stock added', 'PRODUCT_CREATED', 1, NULL, NULL),
(69, 30, 'INV69b06c71438a2', 'Long Oxidised Earrings', NULL, '2026-03-10 19:09:38', 'Initial stock added', 'PRODUCT_CREATED', 1, NULL, NULL),
(70, 31, 'INV69b06cc21642b', 'Oxidised Earcuffs', NULL, '2026-03-10 19:10:58', 'Initial stock added', 'PRODUCT_CREATED', 1, NULL, NULL),
(71, 18, 'INV69ac001069e3f', 'Bird Oxidised Jhumka', NULL, '2026-03-10 19:19:17', 'Manual stock edit', 'STOCK_UPDATE', 1, NULL, NULL),
(73, 18, 'INV69ac001069e3f', 'Bird Oxidised Jhumka', NULL, '2026-03-11 10:30:08', 'Manual stock edit', 'STOCK_UPDATE', 10, NULL, NULL),
(77, 33, 'INV69b1d90f6217b', 'Oxidised Pendant-1', NULL, '2026-03-11 21:05:20', 'Initial stock added', 'PRODUCT_CREATED', 1, NULL, NULL),
(78, 34, 'INV69b1dafcdd4b8', 'Oxidised Pendant-2', NULL, '2026-03-11 21:13:34', 'Initial stock added', 'PRODUCT_CREATED', 1, NULL, NULL),
(79, 35, 'INV69b1db4a4c9a0', 'Oxidised Pendant-3', NULL, '2026-03-11 21:14:51', 'Initial stock added', 'PRODUCT_CREATED', 1, NULL, NULL),
(80, 36, 'INV69b1db81c6f5a', 'Oxidised Pendant-4', NULL, '2026-03-11 21:15:46', 'Initial stock added', 'PRODUCT_CREATED', 1, NULL, NULL),
(81, 37, 'INV69b1dbbc69152', 'Oxidised Pendant-5', NULL, '2026-03-11 21:16:45', 'Initial stock added', 'PRODUCT_CREATED', 1, NULL, NULL),
(82, 38, 'INV69b1dbf505e7b', 'Oxidised Pendant-6', NULL, '2026-03-11 21:17:42', 'Initial stock added', 'PRODUCT_CREATED', 1, NULL, NULL),
(83, 39, 'INV69b1dc32df9e7', 'Oxidised Pendant-7', NULL, '2026-03-11 21:18:43', 'Initial stock added', 'PRODUCT_CREATED', 1, NULL, NULL),
(84, 40, 'INV69b1dc5a663be', 'Oxidised Pendant-8', NULL, '2026-03-11 21:19:23', 'Initial stock added', 'PRODUCT_CREATED', 1, NULL, NULL),
(85, 41, 'INV69b1dc877bd13', 'Oxidised Pendant-9', NULL, '2026-03-11 21:20:08', 'Initial stock added', 'PRODUCT_CREATED', 1, NULL, NULL),
(86, 42, 'INV69b1dcac9f66c', 'Oxidised Pendant-10', NULL, '2026-03-11 21:20:45', 'Initial stock added', 'PRODUCT_CREATED', 1, NULL, NULL),
(87, 43, 'INV69b1dccc633ff', 'Oxidised Pendant-11', NULL, '2026-03-11 21:21:17', 'Initial stock added', 'PRODUCT_CREATED', 1, NULL, NULL),
(88, 44, 'INV69b309a2564a2', 'Oxidised Stud Earrings', NULL, '2026-03-12 18:44:50', 'Initial stock added', 'PRODUCT_CREATED', 4, NULL, NULL),
(89, 31, 'INV69b06cc21642b', 'Oxidised Earcuffs', NULL, '2026-03-12 18:47:32', 'Manual stock edit', 'STOCK_UPDATE', 1, NULL, NULL),
(90, 29, 'INV69b06c198b75e', 'Pink Beads Jhumka Earrings', NULL, '2026-03-12 18:49:38', 'Manual stock edit', 'STOCK_UPDATE', 1, NULL, NULL),
(91, 29, 'INV69b06c198b75e', 'Pink Beads Jhumka Earrings', NULL, '2026-03-12 18:49:38', 'Price updated: Cost ₹0.00 → ₹28 | Selling ₹100.00 → ₹100.00', 'PRICE_UPDATE', 0, NULL, NULL),
(92, 28, 'INV69b06bf1142c7', 'Green Beads Jhumka Earrings', NULL, '2026-03-12 18:51:10', 'Manual stock edit', 'STOCK_UPDATE', 3, NULL, NULL),
(93, 28, 'INV69b06bf1142c7', 'Green Beads Jhumka Earrings', NULL, '2026-03-12 18:51:10', 'Price updated: Cost ₹0.00 → ₹28 | Selling ₹100.00 → ₹100.00', 'PRICE_UPDATE', 0, NULL, NULL),
(94, 27, 'INV69b06ad5d364d', 'Blue Beads Jhumka Earrings', NULL, '2026-03-12 18:51:49', 'Manual stock edit', 'STOCK_UPDATE', 1, NULL, NULL),
(95, 27, 'INV69b06ad5d364d', 'Blue Beads Jhumka Earrings', NULL, '2026-03-12 18:51:49', 'Price updated: Cost ₹0.00 → ₹28 | Selling ₹100.00 → ₹100.00', 'PRICE_UPDATE', 0, NULL, NULL),
(96, 17, 'INV69abffd960f1b', 'Black Beads Jhumka Earring ', NULL, '2026-03-12 18:52:29', 'Manual stock edit', 'STOCK_UPDATE', 1, NULL, NULL),
(97, 17, 'INV69abffd960f1b', 'Black Beads Jhumka Earring ', NULL, '2026-03-12 18:52:29', 'Price updated: Cost ₹75.00 → ₹28 | Selling ₹100.00 → ₹100.00', 'PRICE_UPDATE', 0, NULL, NULL),
(98, 20, 'INV69ac00969d398', 'Small Jhumka Earrings', NULL, '2026-03-12 19:11:51', 'Manual stock edit', 'STOCK_UPDATE', 6, NULL, NULL),
(99, 20, 'INV69ac00969d398', 'Small Jhumka Earrings', NULL, '2026-03-12 19:11:51', 'Price updated: Cost ₹9.00 → ₹8 | Selling ₹50.00 → ₹50.00', 'PRICE_UPDATE', 0, NULL, NULL),
(100, 25, 'INV69b0693a3d830', 'Elephant Motif Earrings', NULL, '2026-03-12 19:13:29', 'Manual stock edit', 'STOCK_UPDATE', 13, NULL, NULL),
(101, 25, 'INV69b0693a3d830', 'Elephant Motif Earrings', NULL, '2026-03-12 19:13:29', 'Price updated: Cost ₹9.00 → ₹6 | Selling ₹50.00 → ₹50.00', 'PRICE_UPDATE', 0, NULL, NULL),
(102, 26, 'INV69b06968cdeb0', 'Elephant Motif Bangle Pair', NULL, '2026-03-12 19:15:24', 'Manual stock edit', 'STOCK_UPDATE', -2, NULL, NULL),
(103, 22, 'INV69b06695ed5ae', 'Golden Flower Stud Earrings ', NULL, '2026-03-12 19:16:42', 'Manual stock edit', 'STOCK_UPDATE', 4, NULL, NULL),
(104, 24, 'INV69b06808d9b50', 'Golden Star Stud Earrings ', NULL, '2026-03-12 19:16:58', 'Manual stock edit', 'STOCK_UPDATE', 3, NULL, NULL),
(105, 23, 'INV69b0676b4609a', 'Golden Round Earrings', NULL, '2026-03-12 19:17:37', 'Manual stock edit', 'STOCK_UPDATE', 11, NULL, NULL),
(106, 21, 'INV69ac81a5c794c', 'Handcuff-1', NULL, '2026-03-12 19:19:25', 'Manual stock edit', 'STOCK_UPDATE', -2, NULL, NULL),
(107, 21, 'INV69ac81a5c794c', 'Handcuff-1', NULL, '2026-03-12 19:19:25', 'Price updated: Cost ₹150.00 → ₹100 | Selling ₹250.00 → ₹250.00', 'PRICE_UPDATE', 0, NULL, NULL),
(108, 45, 'INV69b3145deb953', 'Handcuff-2', NULL, '2026-03-12 19:30:38', 'Initial stock added', 'PRODUCT_CREATED', 4, NULL, NULL),
(109, 46, 'INV69b317ea0429a', 'Double Butterfly Earrings', NULL, '2026-03-12 19:45:46', 'Initial stock added', 'PRODUCT_CREATED', 12, NULL, NULL),
(110, 47, 'INV69b31855c3594', 'Jalebi Earrings', NULL, '2026-03-12 19:47:34', 'Initial stock added', 'PRODUCT_CREATED', 3, NULL, NULL),
(111, 48, 'INV69b31d3b2b472', 'Oxidised Flower Earrings', NULL, '2026-03-12 20:08:28', 'Initial stock added', 'PRODUCT_CREATED', 4, NULL, NULL),
(112, 49, 'INV69b31d85f058d', 'White Beads Oxidised Jhumka Earrings', NULL, '2026-03-12 20:09:42', 'Initial stock added', 'PRODUCT_CREATED', 1, NULL, NULL),
(113, 49, 'INV69b31d85f058d', 'White Beads Oxidised Jhumka Earrings', NULL, '2026-03-12 20:11:03', 'Manual stock edit', 'STOCK_UPDATE', 3, NULL, NULL),
(114, 50, 'INV69b31e7a1f1d5', 'Oxidised Round Earrings', NULL, '2026-03-12 20:13:47', 'Initial stock added', 'PRODUCT_CREATED', 5, NULL, NULL),
(115, 51, 'INV69b31fc7c7fb1', 'Oxidised Oval Earrings', NULL, '2026-03-12 20:19:20', 'Initial stock added', 'PRODUCT_CREATED', 5, NULL, NULL),
(116, 52, 'INV69b3222e0fb1c', 'Cowrie Shell & Beaded Bracelet', NULL, '2026-03-12 20:29:34', 'Initial stock added', 'PRODUCT_CREATED', 5, NULL, NULL),
(118, 54, 'INV69b323931129d', 'Beads Anklet Pair', NULL, '2026-03-12 20:35:31', 'Initial stock added', 'PRODUCT_CREATED', 5, NULL, NULL),
(121, 57, 'INV69b3269a9c6ce', 'Leaves & Beads Anklet Pair', NULL, '2026-03-12 20:48:27', 'Initial stock added', 'PRODUCT_CREATED', 1, NULL, NULL),
(122, 58, 'INV69b3283276c15', 'Camel Motif Oxidised Bangle Pair', NULL, '2026-03-12 20:55:15', 'Initial stock added', 'PRODUCT_CREATED', 1, NULL, NULL),
(123, 59, 'INV69b329dbab408', '5 Layered Oxidised Single Bangle', NULL, '2026-03-12 21:02:20', 'Initial stock added', 'PRODUCT_CREATED', 1, NULL, NULL),
(124, 59, 'INV69b329dbab408', '5 Layered Oxidised Single Bangle', NULL, '2026-03-12 21:02:35', 'Manual stock edit', 'STOCK_UPDATE', 1, NULL, NULL),
(125, 60, 'INV69b32ac2d9994', 'Colorful Beaded Butterfly Bracelet', NULL, '2026-03-12 21:06:11', 'Initial stock added', 'PRODUCT_CREATED', 1, NULL, NULL),
(126, 61, 'INV69b32e7609667', 'Oxidised Bahubali Jhumka', NULL, '2026-03-12 21:21:58', 'Initial stock added', 'PRODUCT_CREATED', 4, NULL, NULL),
(127, 20, 'INV69ac00969d398', 'Small Jhumka Earrings', NULL, '2026-03-13 11:59:19', 'Manual stock edit', 'STOCK_UPDATE', 1, NULL, NULL),
(128, 62, 'INV69b45b2f6a452', 'Gold Plated Flower Earrings', NULL, '2026-03-13 18:45:03', 'Initial stock added', 'PRODUCT_CREATED', 1, NULL, NULL),
(129, 63, 'INV69b45bb05f2e1', 'Turtlle Shell Gold Plated Earrings', NULL, '2026-03-13 18:47:12', 'Initial stock added', 'PRODUCT_CREATED', 1, NULL, NULL),
(130, 64, 'INV69b45d864cf07', 'Gold Plated Sea Shell Earrings', NULL, '2026-03-13 18:55:02', 'Initial stock added', 'PRODUCT_CREATED', 1, NULL, NULL),
(131, 65, 'INV69b45e3422273', 'Melting Heart Gold Plated Earrings', NULL, '2026-03-13 18:57:56', 'Initial stock added', 'PRODUCT_CREATED', 1, NULL, NULL),
(133, 67, 'INV69b45f6d62797', 'Chic Lips Gold Plated Stud Earrings', NULL, '2026-03-13 19:03:09', 'Initial stock added', 'PRODUCT_CREATED', 1, NULL, NULL),
(134, 68, 'INV69b45fcaec0fe', 'Heart Gold Plated Earrings', NULL, '2026-03-13 19:04:43', 'Initial stock added', 'PRODUCT_CREATED', 1, NULL, NULL),
(135, 69, 'INV69b460622d8e6', 'Swirl Design Gold Plated Earrings', NULL, '2026-03-13 19:07:14', 'Initial stock added', 'PRODUCT_CREATED', 1, NULL, NULL),
(136, 70, 'INV69b4612de3966', 'Gold Plated Star Earrings', NULL, '2026-03-13 19:10:38', 'Initial stock added', 'PRODUCT_CREATED', 1, NULL, NULL),
(137, 71, 'INV69b4633a52cc5', 'Gold Plated Star Fish Earrings', NULL, '2026-03-13 19:19:22', 'Initial stock added', 'PRODUCT_CREATED', 1, NULL, NULL),
(138, 72, 'INV69b464b91fb68', 'Bride Groom Oxidised Earrings', NULL, '2026-03-13 19:25:45', 'Initial stock added', 'PRODUCT_CREATED', 1, NULL, NULL),
(139, 73, 'INV69b467ab5e460', 'Desi Dance Doll Oxidised Earrings', NULL, '2026-03-13 19:38:19', 'Initial stock added', 'PRODUCT_CREATED', 1, NULL, NULL),
(140, 74, 'INV69b468c0ea577', 'Garba Girls Style Oxidised Earrings', NULL, '2026-03-13 19:42:57', 'Initial stock added', 'PRODUCT_CREATED', 1, NULL, NULL),
(141, 75, 'INV69b46c9e0de4d', 'Oxidised Buddha Model Bracelet', NULL, '2026-03-13 19:59:26', 'Initial stock added', 'PRODUCT_CREATED', 1, NULL, NULL),
(142, 76, 'INV69b46e14f0f74', 'Oxidised Round Bracelet', NULL, '2026-03-13 20:05:41', 'Initial stock added', 'PRODUCT_CREATED', 1, NULL, NULL),
(144, 78, 'INV69b46fd8ac4b7', 'Multi Color Beads Bracelet', NULL, '2026-03-13 20:13:13', 'Initial stock added', 'PRODUCT_CREATED', 2, NULL, NULL),
(145, 79, 'INV69b4710b3e41d', 'Bangle-1', NULL, '2026-03-13 20:18:19', 'Initial stock added', 'PRODUCT_CREATED', 3, NULL, NULL),
(146, 80, 'INV69b47a51281b3', 'Multicolor Necklace Set', NULL, '2026-03-13 20:57:53', 'Initial stock added', 'PRODUCT_CREATED', 1, NULL, NULL),
(147, 18, 'INV69ac001069e3f', 'Bird Oxidised Jhumka', NULL, '2026-03-14 07:01:21', 'Manual stock edit', 'STOCK_UPDATE', -7, NULL, NULL),
(148, 18, 'INV69ac001069e3f', 'Bird Oxidised Jhumka', NULL, '2026-03-14 07:01:21', 'Price updated: Cost ₹125.00 → ₹80 | Selling ₹350.00 → ₹200', 'PRICE_UPDATE', 0, NULL, NULL),
(149, 30, 'INV69b06c71438a2', 'Long Oxidised Earrings', NULL, '2026-03-14 07:14:33', 'Price updated: Cost ₹0.00 → ₹74 | Selling ₹250.00 → ₹250.00', 'PRICE_UPDATE', 0, NULL, NULL),
(150, 27, 'INV69b06ad5d364d', 'Blue Beads Jhumka Earrings', NULL, '2026-03-14 08:53:29', 'Manual stock edit', 'STOCK_UPDATE', 1, NULL, NULL),
(151, 61, 'INV69b32e7609667', 'Oxidised Bahubali Jhumka', NULL, '2026-03-14 12:18:03', 'Manual stock edit', 'STOCK_UPDATE', 1, NULL, NULL),
(152, 26, 'INV69b06968cdeb0', 'Elephant Motif Bangle Pair', NULL, '2026-03-14 12:21:22', 'Manual stock edit', 'STOCK_UPDATE', 2, NULL, NULL),
(153, 81, 'INV69b553d29ccfb', 'Brass ring 01 ', NULL, '2026-03-14 12:25:55', 'Initial stock added', 'PRODUCT_CREATED', 30, NULL, NULL),
(154, 82, 'INV69b554ca8cda9', 'Brass earrings 01', NULL, '2026-03-14 12:30:03', 'Initial stock added', 'PRODUCT_CREATED', 4, NULL, NULL),
(155, 79, 'INV69b4710b3e41d', 'Bangle-1', NULL, '2026-03-14 12:32:28', 'Manual stock edit', 'STOCK_UPDATE', 2, NULL, NULL),
(156, 83, 'INV69b55595eb418', 'Brass earrings 02', NULL, '2026-03-14 12:33:26', 'Initial stock added', 'PRODUCT_CREATED', 12, NULL, NULL),
(157, 84, 'INV69b5563f2974c', 'Garnate earrings ', NULL, '2026-03-14 12:36:15', 'Initial stock added', 'PRODUCT_CREATED', 5, NULL, NULL),
(158, 85, 'INV69b5568e47257', 'Oxidised Bahubali Jhumka Big Size', NULL, '2026-03-14 12:37:35', 'Initial stock added', 'PRODUCT_CREATED', 1, NULL, NULL),
(161, 88, 'INV69b556dadcc63', 'Brass pendant ', NULL, '2026-03-14 12:38:51', 'Initial stock added', 'PRODUCT_CREATED', 1, NULL, NULL),
(162, 88, 'INV69b556dadcc63', 'Brass pendant ', NULL, '2026-03-14 12:43:41', 'Manual stock edit', 'STOCK_UPDATE', 4, NULL, NULL),
(163, 89, 'INV69b5588d0e487', 'Necklace 18 inch', NULL, '2026-03-14 12:46:05', 'Initial stock added', 'PRODUCT_CREATED', 1, NULL, NULL),
(164, 89, 'INV69b5588d0e487', 'Necklace 18 inch', NULL, '2026-03-14 12:46:25', 'Manual stock edit', 'STOCK_UPDATE', 4, NULL, NULL),
(165, 90, 'INV69b559043ce30', 'Bruzy earrings ', NULL, '2026-03-14 12:48:05', 'Initial stock added', 'PRODUCT_CREATED', 7, NULL, NULL),
(166, 91, 'INV69b55948627e0', 'Gs earrings ', NULL, '2026-03-14 12:49:13', 'Initial stock added', 'PRODUCT_CREATED', 1, NULL, NULL),
(167, 92, 'INV69b559c142bda', 'Bruzy bangles', NULL, '2026-03-14 12:51:14', 'Initial stock added', 'PRODUCT_CREATED', 5, NULL, NULL),
(168, 93, 'INV69b55a2185f44', 'Amber necklace ', NULL, '2026-03-14 12:52:50', 'Initial stock added', 'PRODUCT_CREATED', 1, NULL, NULL),
(169, 94, 'INV69b55a9f2f84f', 'Drop necklace ', NULL, '2026-03-14 12:54:55', 'Initial stock added', 'PRODUCT_CREATED', 1, NULL, NULL),
(170, 95, 'INV69b55adbc4ea2', 'Black onyx beads necklace ', NULL, '2026-03-14 12:55:56', 'Initial stock added', 'PRODUCT_CREATED', 1, NULL, NULL),
(171, 95, 'INV69b55adbc4ea2', 'Black onyx beads necklace ', NULL, '2026-03-14 12:56:15', 'Manual stock edit', 'STOCK_UPDATE', 24, NULL, NULL),
(172, 96, 'INV69b55aeeb6340', 'Oxidised Bangle Pair - 1', NULL, '2026-03-14 12:56:15', 'Initial stock added', 'PRODUCT_CREATED', 2, NULL, NULL),
(173, 97, 'INV69b55bd012c8e', 'Evil Eye Bracelet ', NULL, '2026-03-14 13:00:00', 'Initial stock added', 'PRODUCT_CREATED', 2, NULL, NULL),
(174, 98, 'INV69b55cd1400bb', 'Chandbali Oxidised Earrings ', NULL, '2026-03-14 13:04:18', 'Initial stock added', 'PRODUCT_CREATED', 4, NULL, NULL),
(176, 100, 'INV69b55cebdbfe6', 'Ovel shape AD earrings (pearl)', NULL, '2026-03-14 13:04:45', 'Initial stock added', 'PRODUCT_CREATED', 6, NULL, NULL),
(177, 101, 'INV69b55d33b5984', 'Par shape AD earrings ', NULL, '2026-03-14 13:05:56', 'Initial stock added', 'PRODUCT_CREATED', 2, NULL, NULL),
(178, 102, 'INV69b55d3b42a94', 'Pear Shape Oxidised Earrings ', NULL, '2026-03-14 13:06:04', 'Initial stock added', 'PRODUCT_CREATED', 4, NULL, NULL),
(179, 103, 'INV69b55dc4209aa', 'Tear Drop Oxidised Earrings ', NULL, '2026-03-14 13:08:21', 'Initial stock added', 'PRODUCT_CREATED', 2, NULL, NULL),
(180, 104, 'INV69b55eaf7e728', 'oxidised jhumka 11', NULL, '2026-03-14 13:12:16', 'Initial stock added', 'PRODUCT_CREATED', 1, NULL, NULL),
(181, 104, 'INV69b55eaf7e728', 'oxidised jhumka 11', NULL, '2026-03-14 13:14:32', 'Manual stock edit', 'STOCK_UPDATE', 6, NULL, NULL),
(182, 105, 'INV69b55f59e8a3b', 'Morpankh Oxidised Earrings ', NULL, '2026-03-14 13:15:07', 'Initial stock added', 'PRODUCT_CREATED', 4, NULL, NULL),
(183, 106, 'INV69b55fc17a3eb', 'Double round AD earrings ', NULL, '2026-03-14 13:16:50', 'Initial stock added', 'PRODUCT_CREATED', 2, NULL, NULL),
(184, 107, 'INV69b56001e4efb', 'Flower pearl AD earrings ', NULL, '2026-03-14 13:17:55', 'Initial stock added', 'PRODUCT_CREATED', 3, NULL, NULL),
(185, 108, 'INV69b5602c7cc16', 'Long Elephant Oxidised Earrings ', NULL, '2026-03-14 13:18:37', 'Initial stock added', 'PRODUCT_CREATED', 4, NULL, NULL),
(186, 109, 'INV69b56057aa74e', 'Box shaped AD earrings ', NULL, '2026-03-14 13:19:20', 'Initial stock added', 'PRODUCT_CREATED', 3, NULL, NULL),
(187, 110, 'INV69b5609169668', 'Triangle pearl AD earrings ', NULL, '2026-03-14 13:20:18', 'Initial stock added', 'PRODUCT_CREATED', 3, NULL, NULL),
(188, 74, 'INV69b468c0ea577', 'Garba Girls Style Oxidised Earrings', NULL, '2026-03-14 13:21:35', 'Manual stock edit', 'STOCK_UPDATE', 4, NULL, NULL),
(189, 74, 'INV69b468c0ea577', 'Garba Girls Style Oxidised Earrings', NULL, '2026-03-14 13:22:00', 'Manual stock edit', 'STOCK_UPDATE', 1, NULL, NULL),
(190, 111, 'INV69b5613268377', 'Round pear oxidised earrings ', NULL, '2026-03-14 13:22:59', 'Initial stock added', 'PRODUCT_CREATED', 1, NULL, NULL),
(191, 111, 'INV69b5613268377', 'Round pear oxidised earrings ', NULL, '2026-03-14 13:23:13', 'Manual stock edit', 'STOCK_UPDATE', 1, NULL, NULL),
(192, 18, 'INV69ac001069e3f', 'Bird Oxidised Jhumka', NULL, '2026-03-14 13:24:41', 'Manual stock edit', 'STOCK_UPDATE', 2, NULL, NULL),
(193, 18, 'INV69ac001069e3f', 'Bird Oxidised Jhumka', NULL, '2026-03-14 13:24:41', 'Price updated: Cost ₹80.00 → ₹70 | Selling ₹200.00 → ₹250', 'PRICE_UPDATE', 0, NULL, NULL),
(194, 112, 'INV69b5619b53187', 'Flower jhumka oxidised earring', NULL, '2026-03-14 13:24:44', 'Initial stock added', 'PRODUCT_CREATED', 2, NULL, NULL),
(195, 113, 'INV69b562029a8f8', 'Oxidised Pendant - 12', NULL, '2026-03-14 13:26:27', 'Initial stock added', 'PRODUCT_CREATED', 1, NULL, NULL),
(196, 29, 'INV69b06c198b75e', 'Pink Beads Jhumka Earrings', NULL, '2026-03-14 13:27:47', 'Manual stock edit', 'STOCK_UPDATE', 1, NULL, NULL),
(197, 31, 'INV69b06cc21642b', 'Oxidised Earcuffs 14', NULL, '2026-03-14 14:23:37', 'Manual stock edit', 'STOCK_UPDATE', 1, NULL, NULL),
(198, 113, 'INV69b562029a8f8', 'Oxidised Pendant - 12 47', NULL, '2026-03-14 17:13:52', 'Price updated: Cost ₹88.00 → ₹88.00 | Selling ₹200.00 → ₹250', 'PRICE_UPDATE', 0, NULL, NULL),
(199, 111, 'INV69b5613268377', 'Round pear oxidised earrings 06', NULL, '2026-03-14 17:24:37', 'Price updated: Cost ₹23.00 → ₹23.00 | Selling ₹100.00 → ₹80', 'PRICE_UPDATE', 0, NULL, NULL),
(200, 106, 'INV69b55fc17a3eb', 'Double round AD earrings 05', NULL, '2026-03-14 17:25:27', 'Price updated: Cost ₹62.00 → ₹62.00 | Selling ₹150.00 → ₹200', 'PRICE_UPDATE', 0, NULL, NULL),
(201, 96, 'INV69b55aeeb6340', 'Oxidised Bangle Pair - 69', NULL, '2026-03-14 17:27:38', 'Price updated: Cost ₹104.00 → ₹104.00 | Selling ₹200.00 → ₹250', 'PRICE_UPDATE', 0, NULL, NULL),
(202, 85, 'INV69b5568e47257', 'Oxidised Bahubali Jhumka Big Size 62', NULL, '2026-03-14 17:29:49', 'Price updated: Cost ₹116.00 → ₹116.00 | Selling ₹350.00 → ₹400', 'PRICE_UPDATE', 0, NULL, NULL),
(203, 78, 'INV69b46fd8ac4b7', 'Multi Color Beads Bracelet 59', NULL, '2026-03-14 17:31:30', 'Price updated: Cost ₹35.00 → ₹35.00 | Selling ₹150.00 → ₹120', 'PRICE_UPDATE', 0, NULL, NULL),
(204, 71, 'INV69b4633a52cc5', 'Gold Plated Star Fish Earrings 31', NULL, '2026-03-14 17:32:21', 'Price updated: Cost ₹40.00 → ₹40.00 | Selling ₹200.00 → ₹250', 'PRICE_UPDATE', 0, NULL, NULL),
(205, 70, 'INV69b4612de3966', 'Gold Plated Star Earrings 32', NULL, '2026-03-14 17:32:38', 'Price updated: Cost ₹40.00 → ₹40.00 | Selling ₹200.00 → ₹250', 'PRICE_UPDATE', 0, NULL, NULL),
(206, 69, 'INV69b460622d8e6', 'Swirl Design Gold Plated Earrings 41', NULL, '2026-03-14 17:32:55', 'Price updated: Cost ₹40.00 → ₹40.00 | Selling ₹200.00 → ₹250', 'PRICE_UPDATE', 0, NULL, NULL),
(207, 68, 'INV69b45fcaec0fe', 'Heart Gold Plated Earrings 37', NULL, '2026-03-14 17:33:17', 'Price updated: Cost ₹40.00 → ₹40.00 | Selling ₹200.00 → ₹250', 'PRICE_UPDATE', 0, NULL, NULL),
(208, 67, 'INV69b45f6d62797', 'Chic Lips Gold Plated Stud Earrings 38', NULL, '2026-03-14 17:33:46', 'Price updated: Cost ₹40.00 → ₹40.00 | Selling ₹200.00 → ₹250', 'PRICE_UPDATE', 0, NULL, NULL),
(209, 65, 'INV69b45e3422273', 'Melting Heart Gold Plated Earrings 33', NULL, '2026-03-14 17:34:09', 'Price updated: Cost ₹40.00 → ₹40.00 | Selling ₹200.00 → ₹250', 'PRICE_UPDATE', 0, NULL, NULL),
(210, 64, 'INV69b45d864cf07', 'Gold Plated Sea Shell Earrings 39', NULL, '2026-03-14 17:34:32', 'Price updated: Cost ₹40.00 → ₹40.00 | Selling ₹200.00 → ₹250', 'PRICE_UPDATE', 0, NULL, NULL),
(211, 63, 'INV69b45bb05f2e1', 'Turtle Shell Gold Plated Earrings 42', NULL, '2026-03-14 17:34:58', 'Price updated: Cost ₹40.00 → ₹40.00 | Selling ₹200.00 → ₹250', 'PRICE_UPDATE', 0, NULL, NULL),
(212, 62, 'INV69b45b2f6a452', 'Gold Plated Flower Earrings 40', NULL, '2026-03-14 17:35:30', 'Price updated: Cost ₹40.00 → ₹40.00 | Selling ₹200.00 → ₹250', 'PRICE_UPDATE', 0, NULL, NULL),
(213, 22, 'INV69b06695ed5ae', 'Gold Plated Flower Stud Earrings 35', NULL, '2026-03-14 17:35:48', 'Price updated: Cost ₹40.00 → ₹40.00 | Selling ₹200.00 → ₹250', 'PRICE_UPDATE', 0, NULL, NULL),
(214, 23, 'INV69b0676b4609a', 'Gold Plated Round Earrings 29', NULL, '2026-03-14 17:36:04', 'Price updated: Cost ₹40.00 → ₹40.00 | Selling ₹200.00 → ₹250', 'PRICE_UPDATE', 0, NULL, NULL),
(215, 24, 'INV69b06808d9b50', 'Gold Plated Star Stud Earrings 34', NULL, '2026-03-14 17:36:24', 'Price updated: Cost ₹40.00 → ₹40.00 | Selling ₹200.00 → ₹250', 'PRICE_UPDATE', 0, NULL, NULL),
(216, 47, 'INV69b31855c3594', 'Gold Plated Jalebi Earrings 36', NULL, '2026-03-14 17:36:42', 'Price updated: Cost ₹40.00 → ₹40.00 | Selling ₹200.00 → ₹250', 'PRICE_UPDATE', 0, NULL, NULL),
(217, 18, 'INV69ac001069e3f', 'Bird Oxidised Jhumka 12', NULL, '2026-03-14 17:37:53', 'Price updated: Cost ₹70.00 → ₹70.00 | Selling ₹250.00 → ₹300', 'PRICE_UPDATE', 0, NULL, NULL),
(218, 30, 'INV69b06c71438a2', 'Long Oxidised Earrings 09', NULL, '2026-03-14 17:39:19', 'Price updated: Cost ₹74.00 → ₹74.00 | Selling ₹250.00 → ₹300', 'PRICE_UPDATE', 0, NULL, NULL),
(219, 33, 'INV69b1d90f6217b', 'Oxidised Pendant-1 58', NULL, '2026-03-14 17:39:47', 'Price updated: Cost ₹60.00 → ₹60.00 | Selling ₹200.00 → ₹250', 'PRICE_UPDATE', 0, NULL, NULL),
(220, 43, 'INV69b1dccc633ff', 'Oxidised Pendant-11 48', NULL, '2026-03-14 17:40:58', 'Price updated: Cost ₹45.00 → ₹45.00 | Selling ₹200.00 → ₹250', 'PRICE_UPDATE', 0, NULL, NULL),
(221, 42, 'INV69b1dcac9f66c', 'Oxidised Pendant-10 49', NULL, '2026-03-14 17:41:22', 'Price updated: Cost ₹62.00 → ₹62.00 | Selling ₹200.00 → ₹250', 'PRICE_UPDATE', 0, NULL, NULL),
(222, 41, 'INV69b1dc877bd13', 'Oxidised Pendant-9 50', NULL, '2026-03-14 17:42:29', 'Price updated: Cost ₹54.00 → ₹54.00 | Selling ₹200.00 → ₹250', 'PRICE_UPDATE', 0, NULL, NULL),
(223, 34, 'INV69b1dafcdd4b8', 'Oxidised Pendant-2 57', NULL, '2026-03-14 17:42:55', 'Price updated: Cost ₹56.00 → ₹56.00 | Selling ₹200.00 → ₹250', 'PRICE_UPDATE', 0, NULL, NULL),
(224, 35, 'INV69b1db4a4c9a0', 'Oxidised Pendant-3 56', NULL, '2026-03-14 17:43:16', 'Price updated: Cost ₹48.00 → ₹48.00 | Selling ₹200.00 → ₹250', 'PRICE_UPDATE', 0, NULL, NULL),
(225, 36, 'INV69b1db81c6f5a', 'Oxidised Pendant-4 55', NULL, '2026-03-14 17:43:47', 'Price updated: Cost ₹45.00 → ₹45.00 | Selling ₹200.00 → ₹250', 'PRICE_UPDATE', 0, NULL, NULL),
(226, 37, 'INV69b1dbbc69152', 'Oxidised Pendant-5 54', NULL, '2026-03-14 17:44:38', 'Price updated: Cost ₹62.00 → ₹62.00 | Selling ₹200.00 → ₹250', 'PRICE_UPDATE', 0, NULL, NULL),
(227, 38, 'INV69b1dbf505e7b', 'Oxidised Pendant-6 53', NULL, '2026-03-14 17:45:04', 'Price updated: Cost ₹60.00 → ₹60.00 | Selling ₹200.00 → ₹250', 'PRICE_UPDATE', 0, NULL, NULL),
(228, 40, 'INV69b1dc5a663be', 'Oxidised Pendant-8 51', NULL, '2026-03-14 17:45:37', 'Price updated: Cost ₹45.00 → ₹45.00 | Selling ₹200.00 → ₹250', 'PRICE_UPDATE', 0, NULL, NULL),
(229, 39, 'INV69b1dc32df9e7', 'Oxidised Pendant-7 52', NULL, '2026-03-14 17:46:07', 'Price updated: Cost ₹56.00 → ₹56.00 | Selling ₹200.00 → ₹250', 'PRICE_UPDATE', 0, NULL, NULL),
(230, 61, 'INV69b32e7609667', 'Oxidised Bahubali Jhumka 64', NULL, '2026-03-14 17:50:40', 'Price updated: Cost ₹40.00 → ₹40.00 | Selling ₹200.00 → ₹150', 'PRICE_UPDATE', 0, NULL, NULL),
(231, 78, 'INV69b46fd8ac4b7', 'Multi Color Beads Bracelet 59', NULL, '2026-03-14 17:51:54', 'Price updated: Cost ₹35.00 → ₹35.00 | Selling ₹120.00 → ₹100', 'PRICE_UPDATE', 0, NULL, NULL),
(232, 100, 'INV69b55cebdbfe6', 'Round shape AD earrings (pearl) 02', NULL, '2026-03-14 17:53:50', 'Price updated: Cost ₹47.00 → ₹47.00 | Selling ₹120.00 → ₹150', 'PRICE_UPDATE', 0, NULL, NULL),
(233, 114, 'INV69b5a61330d25', 'Brass Earrings ', NULL, '2026-03-14 18:16:51', 'Initial stock added', 'PRODUCT_CREATED', 209, NULL, NULL),
(234, 115, 'INV69b5a71594ef0', 'Figure Necklace', NULL, '2026-03-14 18:21:09', 'Initial stock added', 'PRODUCT_CREATED', 6, NULL, NULL),
(235, 116, 'INV69b5a7457734b', 'Jalebi Chain Necklace ', NULL, '2026-03-14 18:21:57', 'Initial stock added', 'PRODUCT_CREATED', 12, NULL, NULL),
(236, 117, 'INV69b5aa7456864', 'Fish Bracelet 84', NULL, '2026-03-14 18:35:32', 'Initial stock added', 'PRODUCT_CREATED', 1, NULL, NULL),
(237, 118, 'INV69b63f70a0003', 'Sachin Earrings ', NULL, '2026-03-15 05:11:13', 'Initial stock added', 'PRODUCT_CREATED', 46, NULL, NULL),
(238, 119, 'INV69b640248c24b', 'Bugadi Earrings Saksham ', NULL, '2026-03-15 05:14:13', 'Initial stock added', 'PRODUCT_CREATED', 2, NULL, NULL),
(239, 120, 'INV69b6406b4f1e4', 'Latkan Earrings Saksham ', NULL, '2026-03-15 05:15:23', 'Initial stock added', 'PRODUCT_CREATED', 4, NULL, NULL),
(240, 92, 'INV69b559c142bda', 'Bruzy bangles 76', NULL, '2026-03-15 07:57:20', '', 'SALE', -1, '200.00', 7),
(241, 88, 'INV69b556dadcc63', 'Brass pendant 80', NULL, '2026-03-15 07:57:59', '', 'SALE', -1, '100.00', 7),
(242, 121, 'INV69b666cc7b2f2', 'GS earring', NULL, '2026-03-15 07:59:08', 'Initial stock added', 'PRODUCT_CREATED', 100, NULL, NULL),
(243, 121, 'INV69b666cc7b2f2', 'GS earring', NULL, '2026-03-15 08:00:35', '', 'SALE', -1, '200.00', 7),
(244, 105, 'INV69b55f59e8a3b', 'Morpankh Oxidised Earrings 01', NULL, '2026-03-15 08:58:15', '', 'SALE', -1, '100.00', 8),
(245, 74, 'INV69b468c0ea577', 'Garba Girls Style Oxidised Earrings 20', NULL, '2026-03-15 09:24:39', '', 'SALE', -1, '100.00', 7),
(246, 90, 'INV69b559043ce30', 'Bruzy earrings 78', NULL, '2026-03-15 09:25:23', '', 'SALE', -1, '300.00', 7),
(247, 20, 'INV69ac00969d398', 'Small Jhumka Earrings 22', NULL, '2026-03-15 09:33:19', '', 'SALE', -1, '49.00', 8),
(248, 121, 'INV69b666cc7b2f2', 'GS earring', NULL, '2026-03-15 10:45:49', '', 'SALE', -3, '200.00', 7),
(249, 74, 'INV69b468c0ea577', 'Garba Girls Style Oxidised Earrings 20', NULL, '2026-03-15 10:46:43', '', 'SALE', -1, '50.00', 7),
(250, 121, 'INV69b666cc7b2f2', 'GS earring', NULL, '2026-03-15 13:25:46', '', 'SALE', -3, '130.00', 7),
(251, 114, 'INV69b5a61330d25', 'Brass Earrings Saksham ', NULL, '2026-03-15 13:48:12', '', 'SALE', -1, '250.00', 8),
(252, 31, 'INV69b06cc21642b', 'Oxidised Earcuffs 14', NULL, '2026-03-15 14:51:19', '', 'SALE', -1, '99.00', 8),
(253, 114, 'INV69b5a61330d25', 'Brass Earrings Saksham ', NULL, '2026-03-15 15:08:38', '', 'SALE', -1, '400.00', 8),
(254, 114, 'INV69b5a61330d25', 'Brass Earrings Saksham ', NULL, '2026-03-16 08:47:29', '', 'SALE', -1, '350.00', 7),
(255, 74, 'INV69b468c0ea577', 'Garba Girls Style Oxidised Earrings 20', NULL, '2026-03-16 08:47:57', '', 'SALE', -1, '50.00', 7),
(256, 83, 'INV69b55595eb418', 'Brass earrings 02 82', NULL, '2026-03-16 08:48:41', '', 'SALE', -1, '300.00', 7),
(257, 114, 'INV69b5a61330d25', 'Brass Earrings Saksham ', NULL, '2026-03-16 09:55:57', '', 'SALE', -1, '350.00', 7),
(258, 73, 'INV69b467ab5e460', 'Desi Dance Doll Oxidised Earrings 26', NULL, '2026-03-16 09:58:14', '', 'SALE', -1, '100.00', 7),
(259, 25, 'INV69b0693a3d830', 'Elephant Motif Earrings 19', NULL, '2026-03-16 09:58:53', '', 'SALE', -1, '50.00', 7),
(260, 105, 'INV69b55f59e8a3b', 'Morpankh Oxidised Earrings 01', NULL, '2026-03-16 10:28:08', '', 'SALE', -1, '100.00', 7),
(261, 74, 'INV69b468c0ea577', 'Garba Girls Style Oxidised Earrings 20', NULL, '2026-03-16 10:31:10', '', 'SALE', -1, '50.00', 7),
(262, 34, 'INV69b1dafcdd4b8', 'Oxidised Pendant-2 57', NULL, '2026-03-16 10:32:08', '', 'SALE', -1, '200.00', 7),
(263, 61, 'INV69b32e7609667', 'Oxidised Bahubali Jhumka 64', NULL, '2026-03-16 10:33:44', '', 'SALE', -1, '150.00', 7),
(264, 25, 'INV69b0693a3d830', 'Elephant Motif Earrings 19', NULL, '2026-03-16 10:34:31', '', 'SALE', -1, '50.00', 7),
(265, 20, 'INV69ac00969d398', 'Small Jhumka Earrings 22', NULL, '2026-03-16 10:35:49', '', 'SALE', -1, '50.00', 7),
(266, 74, 'INV69b468c0ea577', 'Garba Girls Style Oxidised Earrings 20', NULL, '2026-03-16 10:36:28', '', 'SALE', -1, '100.00', 7),
(267, 31, 'INV69b06cc21642b', 'Oxidised Earcuffs 14', NULL, '2026-03-16 10:37:53', '', 'SALE', -2, '50.00', 7),
(268, 61, 'INV69b32e7609667', 'Oxidised Bahubali Jhumka 64', NULL, '2026-03-16 11:15:53', '', 'SALE', -1, '100.00', 7),
(269, 121, 'INV69b666cc7b2f2', 'GS earring', NULL, '2026-03-16 11:17:02', '', 'SALE', -1, '100.00', 7),
(270, 122, 'INV69ba4ec28d361', 'Steel Kada', NULL, '2026-03-18 07:05:38', 'Initial stock added', 'PRODUCT_CREATED', 86, NULL, NULL),
(271, 122, 'INV69ba4ec28d361', 'Steel Kada', NULL, '2026-03-18 07:07:00', 'Manual stock edit', 'STOCK_UPDATE', 3, NULL, NULL),
(272, 122, 'INV69ba4ec28d361', 'Steel Kada', NULL, '2026-03-18 07:07:25', '', 'SALE', -57, '80.00', NULL),
(273, 114, 'INV69b5a61330d25', 'Brass Earrings Saksham ', NULL, '2026-03-19 07:58:08', '', 'SALE', -1, '250.00', 7),
(274, 114, 'INV69b5a61330d25', 'Brass Earrings Saksham ', NULL, '2026-03-19 08:00:06', '', 'SALE', -1, '160.00', 7),
(275, 74, 'INV69b468c0ea577', 'Garba Girls Style Oxidised Earrings 20', NULL, '2026-03-19 08:06:13', '', 'SALE', -1, '100.00', 7),
(276, 114, 'INV69b5a61330d25', 'Brass Earrings Saksham ', NULL, '2026-03-19 08:07:11', '', 'SALE', -2, '300.00', NULL),
(277, 47, 'INV69b31855c3594', 'Gold Plated Jalebi Earrings 36', NULL, '2026-03-19 08:11:42', '', 'SALE', -1, '70.00', 7),
(278, 96, 'INV69b55aeeb6340', 'Oxidised Bangle Pair - 69', NULL, '2026-03-19 08:12:16', '', 'SALE', -1, '200.00', 7),
(279, 30, 'INV69b06c71438a2', 'Long Oxidised Earrings 09', NULL, '2026-03-19 08:13:06', '', 'SALE', -1, '150.00', 7),
(280, 18, 'INV69ac001069e3f', 'Bird Oxidised Jhumka 12', NULL, '2026-03-19 08:14:39', '', 'SALE', -1, '150.00', 7),
(281, 114, 'INV69b5a61330d25', 'Brass Earrings Saksham ', NULL, '2026-03-19 08:16:05', '', 'SALE', -1, '300.00', 7),
(282, 20, 'INV69ac00969d398', 'Small Jhumka Earrings 22', NULL, '2026-03-19 08:16:50', '', 'SALE', -1, '40.00', 7);

INSERT INTO users (id, email, password, created_at)
SELECT id, email, password, COALESCE(created_at, NOW())
FROM tmp_users;

INSERT INTO exhibitions (id, name, created_at)
SELECT id, name, COALESCE(created_at, NOW())
FROM tmp_exhibitions;

INSERT INTO products (id, name, category, barcode, cost_price, selling_price, quantity, description, image, created_at)
SELECT
  id,
  name,
  category,
  barcode,
  COALESCE(cost_price, 0),
  COALESCE(selling_price, 0),
  GREATEST(0, COALESCE(quantity, 0)),
  description,
  image,
  COALESCE(created_at, NOW())
FROM tmp_products;

INSERT INTO `containers` (`id`, `container_name`, `barcode`, `created_at`) VALUES
(4, 'GS Earring', 'BOX69abff4ad3686', '2026-03-07 10:34:50'),
(5, 'Brass earring', 'BOX69abff51608b1', '2026-03-07 10:34:57'),
(6, 'Anti Tarnish Earrings ', 'BOX69afc121cb24f', '2026-03-10 06:58:42'),
(7, 'Oxidised Jewelry ', 'BOX69afc13a4f116', '2026-03-10 06:59:06'),
(8, 'SAKSHAM EARRING', 'BOX69b14186d5950', '2026-03-11 10:18:46'),
(9, 'Brass rings 01', 'BOX69b552cf16d8e', '2026-03-14 12:21:35'),
(10, 'Ad earrings ', 'BOX69b55c89dcb80', '2026-03-14 13:03:06'),
(14, 'Sachin Earrings ', 'BOX69b63f21d400c', '2026-03-15 05:09:54');

INSERT INTO `exhibition_products` (`id`, `exhibition_id`, `product_id`) VALUES
(284, 8, 59),
(285, 8, 21),
(286, 8, 93),
(287, 8, 79),
(288, 8, 54),
(289, 8, 18),
(290, 8, 17),
(291, 8, 95),
(292, 8, 27),
(293, 8, 109),
(294, 8, 82),
(295, 8, 83),
(296, 8, 114),
(297, 8, 88),
(298, 8, 81),
(299, 8, 72),
(300, 8, 92),
(301, 8, 90),
(302, 8, 119),
(303, 8, 58),
(304, 8, 98),
(305, 8, 67),
(306, 8, 60),
(307, 8, 52),
(308, 8, 73),
(309, 8, 106),
(310, 8, 94),
(311, 8, 26),
(312, 8, 25),
(313, 8, 97),
(314, 8, 115),
(315, 8, 117),
(316, 8, 112),
(317, 8, 107),
(318, 8, 74),
(319, 8, 84),
(320, 8, 46),
(321, 8, 62),
(322, 8, 22),
(323, 8, 47),
(324, 8, 23),
(325, 8, 64),
(326, 8, 70),
(327, 8, 71),
(328, 8, 24),
(329, 8, 28),
(330, 8, 91),
(331, 8, 45),
(332, 8, 68),
(333, 8, 116),
(334, 8, 120),
(335, 8, 57),
(336, 8, 108),
(337, 8, 30),
(338, 8, 65),
(339, 8, 105),
(340, 8, 78),
(341, 8, 80),
(342, 8, 89),
(343, 8, 61),
(344, 8, 85),
(345, 8, 96),
(346, 8, 75),
(347, 8, 31),
(348, 8, 48),
(349, 8, 104),
(350, 8, 51),
(351, 8, 113),
(352, 8, 33),
(353, 8, 42),
(354, 8, 43),
(355, 8, 34),
(356, 8, 35),
(357, 8, 36),
(358, 8, 37),
(359, 8, 38),
(360, 8, 39),
(361, 8, 40),
(362, 8, 41),
(363, 8, 76),
(364, 8, 50),
(365, 8, 44),
(366, 8, 101),
(367, 8, 103),
(368, 8, 102),
(369, 8, 29),
(370, 8, 111),
(371, 8, 100),
(372, 8, 118),
(373, 8, 20),
(374, 8, 69),
(375, 8, 110),
(376, 8, 63),
(377, 8, 49),
(566, 7, 59),
(567, 7, 21),
(568, 7, 93),
(569, 7, 79),
(570, 7, 54),
(571, 7, 18),
(572, 7, 17),
(573, 7, 95),
(574, 7, 27),
(575, 7, 109),
(576, 7, 82),
(577, 7, 83),
(578, 7, 114),
(579, 7, 88),
(580, 7, 81),
(581, 7, 72),
(582, 7, 92),
(583, 7, 90),
(584, 7, 119),
(585, 7, 58),
(586, 7, 98),
(587, 7, 67),
(588, 7, 60),
(589, 7, 52),
(590, 7, 73),
(591, 7, 106),
(592, 7, 94),
(593, 7, 26),
(594, 7, 25),
(595, 7, 97),
(596, 7, 115),
(597, 7, 117),
(598, 7, 112),
(599, 7, 107),
(600, 7, 74),
(601, 7, 84),
(602, 7, 46),
(603, 7, 62),
(604, 7, 22),
(605, 7, 47),
(606, 7, 23),
(607, 7, 64),
(608, 7, 70),
(609, 7, 71),
(610, 7, 24),
(611, 7, 28),
(612, 7, 121),
(613, 7, 91),
(614, 7, 45),
(615, 7, 68),
(616, 7, 116),
(617, 7, 120),
(618, 7, 57),
(619, 7, 108),
(620, 7, 30),
(621, 7, 65),
(622, 7, 105),
(623, 7, 78),
(624, 7, 80),
(625, 7, 89),
(626, 7, 61),
(627, 7, 85),
(628, 7, 96),
(629, 7, 75),
(630, 7, 31),
(631, 7, 48),
(632, 7, 104),
(633, 7, 51),
(634, 7, 113),
(635, 7, 33),
(636, 7, 42),
(637, 7, 43),
(638, 7, 34),
(639, 7, 35),
(640, 7, 36),
(641, 7, 37),
(642, 7, 38),
(643, 7, 39),
(644, 7, 40),
(645, 7, 41),
(646, 7, 76),
(647, 7, 50),
(648, 7, 44),
(649, 7, 101),
(650, 7, 103),
(651, 7, 102),
(652, 7, 29),
(653, 7, 111),
(654, 7, 100),
(655, 7, 118),
(656, 7, 20),
(657, 7, 69),
(658, 7, 110),
(659, 7, 63),
(660, 7, 49);

INSERT INTO `container_items` (`id`, `container_id`, `product_id`, `quantity`) VALUES
(60, 7, 21, 4),
(61, 7, 45, 4),
(100, 9, 81, 30),
(101, 5, 82, 4),
(115, 7, 104, 7),
(131, 7, 105, 4),
(133, 10, 101, 2),
(134, 10, 109, 3),
(137, 7, 108, 4),
(138, 10, 107, 3),
(140, 10, 110, 3),
(142, 7, 51, 5),
(143, 7, 31, 3),
(144, 7, 28, 4),
(145, 7, 27, 3),
(146, 7, 17, 2),
(147, 7, 44, 4),
(148, 7, 25, 14),
(149, 7, 74, 6),
(150, 7, 29, 3),
(151, 7, 20, 7),
(152, 7, 49, 4),
(153, 7, 72, 1),
(154, 7, 50, 5),
(155, 7, 73, 1),
(156, 7, 112, 2),
(157, 7, 48, 4),
(159, 6, 46, 12),
(188, 7, 103, 2),
(189, 7, 102, 4),
(190, 7, 98, 4),
(191, 5, 83, 12),
(192, 7, 113, 1),
(193, 7, 111, 2),
(194, 10, 106, 2),
(195, 7, 96, 2),
(196, 7, 85, 1),
(197, 6, 71, 1),
(198, 6, 70, 1),
(199, 6, 69, 1),
(200, 6, 68, 1),
(201, 6, 67, 1),
(202, 6, 65, 1),
(203, 6, 64, 1),
(204, 6, 63, 1),
(205, 6, 62, 1),
(206, 6, 22, 5),
(207, 6, 23, 12),
(208, 6, 24, 4),
(209, 6, 47, 3),
(210, 7, 18, 3),
(211, 7, 30, 1),
(212, 7, 33, 1),
(213, 7, 43, 1),
(214, 7, 42, 1),
(215, 7, 41, 1),
(216, 7, 34, 1),
(217, 7, 35, 1),
(218, 7, 36, 1),
(219, 7, 37, 1),
(220, 7, 38, 1),
(221, 7, 40, 1),
(222, 7, 39, 1),
(223, 7, 58, 1),
(224, 7, 61, 5),
(225, 10, 100, 6),
(229, 7, 117, 1),
(230, 8, 114, 209),
(231, 8, 116, 12),
(232, 8, 115, 6),
(233, 14, 118, 46),
(235, 8, 120, 4),
(236, 8, 119, 2),
(237, 4, 121, 100);

INSERT INTO inventory_log (id, product_id, barcode, product_name, quantity_change, action_type, note, sale_price, cost_price, exhibition_id, sold_at)
SELECT
  il.id,
  il.product_id,
  il.barcode,
  il.product_name,
  COALESCE(il.quantity_change, 0),
  COALESCE(il.action_type, 'ADD'),
  il.note,
  il.sale_price,
  CASE WHEN il.product_id IS NOT NULL THEN p.cost_price ELSE NULL END,
  il.exhibition_id,
  COALESCE(il.sold_at, NOW())
FROM tmp_inventory_log il
LEFT JOIN products p ON p.id = il.product_id;

DROP TABLE IF EXISTS tmp_users;
DROP TABLE IF EXISTS tmp_exhibitions;
DROP TABLE IF EXISTS tmp_products;
DROP TABLE IF EXISTS tmp_inventory_log;

